{
  "dpr": 2,
  "viewport": {
    "width": 1600,
    "height": 1200
  },
  "shots": {
    "start": {
      "zenfitImg": {
        "x": 142,
        "y": 276,
        "w": 647,
        "h": 215.65625
      },
      "zenfitCard": {
        "x": 141,
        "y": 275,
        "w": 649,
        "h": 317.65625
      },
      "dialog": {
        "x": 100,
        "y": 48,
        "w": 1400,
        "h": 1104
      },
      "appScreenshotsTab": {
        "x": 133,
        "y": 174,
        "w": 158.875,
        "h": 34
      }
    },
    "editor": {
      "phoneFit": {
        "x": 1168.5,
        "y": 341,
        "w": 288,
        "h": 576.0000610351562
      },
      "previewButton": {
        "x": 1278.203125,
        "y": 11.5,
        "w": 113.796875,
        "h": 32
      }
    },
    "selected": {
      "phone": {
        "x": 577.0401611328125,
        "y": 212.800048828125,
        "w": 414.719970703125,
        "h": 829.440185546875
      },
      "uploadButton": {
        "x": 1297,
        "y": 221,
        "w": 162.078125,
        "h": 32,
        "label": "Change Screenshot"
      }
    },
    "uploaded": {
      "phone": {
        "x": 577.0401611328125,
        "y": 212.800048828125,
        "w": 414.719970703125,
        "h": 829.440185546875
      },
      "uploadButton": {
        "x": 1297,
        "y": 221,
        "w": 162.078125,
        "h": 32
      }
    },
    "preview": {
      "previewButton": {
        "x": 1278.203125,
        "y": 11.5,
        "w": 113.796875,
        "h": 32
      },
      "artboard": {
        "x": 577.625,
        "y": 80,
        "w": 444.75,
        "h": 964
      },
      "filmstrip": {
        "x": 665.296875,
        "y": 1086,
        "w": 269.40625,
        "h": 96,
        "count": 5
      }
    }
  }
}