{
  "dpr": 2,
  "viewport": {
    "width": 1600,
    "height": 1200
  },
  "shots": {
    "start": {
      "zenfitImg": {
        "x": 142,
        "y": 951.328125,
        "w": 647,
        "h": 215.6640625
      },
      "zenfitCard": {
        "x": 141,
        "y": 950.328125,
        "w": 649,
        "h": 317.6640625
      },
      "dialog": {
        "x": 100,
        "y": 48,
        "w": 1400,
        "h": 1104
      },
      "appScreenshotsTab": {
        "x": 133,
        "y": 174,
        "w": 158.8671875,
        "h": 34
      }
    },
    "editor": {
      "phoneFit": {
        "x": 1168.5,
        "y": 341,
        "w": 288,
        "h": 576.0000610351562
      },
      "previewButton": {
        "x": 1278.203125,
        "y": 11.5,
        "w": 113.796875,
        "h": 32
      }
    },
    "selected": {
      "phone": {
        "x": 576.5401611328125,
        "y": 213.300048828125,
        "w": 414.719970703125,
        "h": 829.440185546875
      },
      "uploadButton": {
        "x": 1297,
        "y": 221,
        "w": 162.078125,
        "h": 32,
        "label": "Change Screenshot"
      }
    },
    "uploaded": {
      "phone": {
        "x": 576.5401611328125,
        "y": 213.300048828125,
        "w": 414.719970703125,
        "h": 829.440185546875
      },
      "uploadButton": {
        "x": 1297,
        "y": 221,
        "w": 162.078125,
        "h": 32
      }
    },
    "preview": {
      "previewButton": {
        "x": 1278.203125,
        "y": 11.5,
        "w": 113.796875,
        "h": 32
      },
      "artboard": {
        "x": 577.6171875,
        "y": 80,
        "w": 444.7578125,
        "h": 964
      },
      "filmstrip": {
        "x": 665.2734375,
        "y": 1086,
        "w": 269.4453125,
        "h": 96,
        "count": 5
      }
    }
  }
}